[
{
  "model": "polls.question",
  "pk": 2,
  "fields": {
    "question_text": "What is the fastest internal transportation in KU?",
    "pub_date": "2024-08-24T04:08:25Z",
    "end_date": null
  }
},
{
  "model": "polls.question",
  "pk": 3,
  "fields": {
    "question_text": "What is the most convenient food bar or store in KU?",
    "pub_date": "2024-08-24T04:10:49Z",
    "end_date": null
  }
},
{
  "model": "polls.question",
  "pk": 4,
  "fields": {
    "question_text": "Where do you prefer to go reading or reviewing your lesson inside the university?",
    "pub_date": "2024-08-28T13:19:09Z",
    "end_date": "2024-08-31T17:00:00Z"
  }
},
{
  "model": "polls.question",
  "pk": 5,
  "fields": {
    "question_text": "What is the best web framework in your opinion?",
    "pub_date": "2024-09-04T04:25:44Z",
    "end_date": null
  }
},
{
  "model": "polls.question",
  "pk": 6,
  "fields": {
    "question_text": "Which subject do you think it is the hardest for year 1 students?",
    "pub_date": "2024-09-04T04:26:43Z",
    "end_date": null
  }
},
{
  "model": "polls.question",
  "pk": 7,
  "fields": {
    "question_text": "Which problem in KU should be solved as soon as possible?",
    "pub_date": "2024-09-04T04:28:34Z",
    "end_date": null
  }
},
{
  "model": "polls.question",
  "pk": 8,
  "fields": {
    "question_text": "What is the best IDE in your opinion?",
    "pub_date": "2024-09-04T04:51:08Z",
    "end_date": null
  }
},
{
  "model": "polls.question",
  "pk": 9,
  "fields": {
    "question_text": "What is your preferred art?",
    "pub_date": "2024-09-04T04:52:55Z",
    "end_date": null
  }
},
{
  "model": "polls.question",
  "pk": 10,
  "fields": {
    "question_text": "Where do you want to hold KU activities? (For example, Watch movie tohether and Teaching how to sing  a song)",
    "pub_date": "2024-09-04T04:54:29Z",
    "end_date": null
  }
},
{
  "model": "polls.choice",
  "pk": 4,
  "fields": {
    "question": 2,
    "choice_text": "KU-Talai"
  }
},
{
  "model": "polls.choice",
  "pk": 5,
  "fields": {
    "question": 2,
    "choice_text": "KU Motorcycle win"
  }
},
{
  "model": "polls.choice",
  "pk": 6,
  "fields": {
    "question": 2,
    "choice_text": "Walking"
  }
},
{
  "model": "polls.choice",
  "pk": 7,
  "fields": {
    "question": 2,
    "choice_text": "GCOO Electric Scooter"
  }
},
{
  "model": "polls.choice",
  "pk": 8,
  "fields": {
    "question": 3,
    "choice_text": "7-11"
  }
},
{
  "model": "polls.choice",
  "pk": 9,
  "fields": {
    "question": 3,
    "choice_text": "Bar Vidva (IUP Building 1st Floor)"
  }
},
{
  "model": "polls.choice",
  "pk": 10,
  "fields": {
    "question": 3,
    "choice_text": "Bar Mai"
  }
},
{
  "model": "polls.choice",
  "pk": 11,
  "fields": {
    "question": 3,
    "choice_text": "Bar Vidya (Science Faculty)"
  }
},
{
  "model": "polls.choice",
  "pk": 12,
  "fields": {
    "question": 3,
    "choice_text": "Starbucks"
  }
},
{
  "model": "polls.choice",
  "pk": 13,
  "fields": {
    "question": 4,
    "choice_text": "KU main library"
  }
},
{
  "model": "polls.choice",
  "pk": 14,
  "fields": {
    "question": 4,
    "choice_text": "Faculty library"
  }
},
{
  "model": "polls.choice",
  "pk": 15,
  "fields": {
    "question": 4,
    "choice_text": "Dormitory"
  }
},
{
  "model": "polls.choice",
  "pk": 16,
  "fields": {
    "question": 4,
    "choice_text": "Your department building"
  }
},
{
  "model": "polls.choice",
  "pk": 17,
  "fields": {
    "question": 5,
    "choice_text": "Django"
  }
},
{
  "model": "polls.choice",
  "pk": 18,
  "fields": {
    "question": 5,
    "choice_text": "React native"
  }
},
{
  "model": "polls.choice",
  "pk": 19,
  "fields": {
    "question": 5,
    "choice_text": "Angular"
  }
},
{
  "model": "polls.choice",
  "pk": 20,
  "fields": {
    "question": 5,
    "choice_text": "Flask"
  }
},
{
  "model": "polls.choice",
  "pk": 21,
  "fields": {
    "question": 6,
    "choice_text": "Engineering Math 1 and 2"
  }
},
{
  "model": "polls.choice",
  "pk": 22,
  "fields": {
    "question": 6,
    "choice_text": "Physics"
  }
},
{
  "model": "polls.choice",
  "pk": 23,
  "fields": {
    "question": 6,
    "choice_text": "Probability and Statistics"
  }
},
{
  "model": "polls.choice",
  "pk": 24,
  "fields": {
    "question": 7,
    "choice_text": "Flood"
  }
},
{
  "model": "polls.choice",
  "pk": 25,
  "fields": {
    "question": 7,
    "choice_text": "Footpath construction"
  }
},
{
  "model": "polls.choice",
  "pk": 26,
  "fields": {
    "question": 7,
    "choice_text": "Few Talai buses"
  }
},
{
  "model": "polls.choice",
  "pk": 27,
  "fields": {
    "question": 7,
    "choice_text": "Traffic congestion"
  }
},
{
  "model": "polls.choice",
  "pk": 28,
  "fields": {
    "question": 7,
    "choice_text": "Illegal parking"
  }
},
{
  "model": "polls.choice",
  "pk": 29,
  "fields": {
    "question": 8,
    "choice_text": "Eclipse"
  }
},
{
  "model": "polls.choice",
  "pk": 30,
  "fields": {
    "question": 8,
    "choice_text": "Visual Studio"
  }
},
{
  "model": "polls.choice",
  "pk": 31,
  "fields": {
    "question": 8,
    "choice_text": "Visual Studio Code"
  }
},
{
  "model": "polls.choice",
  "pk": 32,
  "fields": {
    "question": 8,
    "choice_text": "Pycharm"
  }
},
{
  "model": "polls.choice",
  "pk": 33,
  "fields": {
    "question": 8,
    "choice_text": "Sublime"
  }
},
{
  "model": "polls.choice",
  "pk": 34,
  "fields": {
    "question": 9,
    "choice_text": "Architecture"
  }
},
{
  "model": "polls.choice",
  "pk": 35,
  "fields": {
    "question": 9,
    "choice_text": "Paintings"
  }
},
{
  "model": "polls.choice",
  "pk": 36,
  "fields": {
    "question": 9,
    "choice_text": "Photographs"
  }
},
{
  "model": "polls.choice",
  "pk": 37,
  "fields": {
    "question": 9,
    "choice_text": "Music"
  }
},
{
  "model": "polls.choice",
  "pk": 38,
  "fields": {
    "question": 9,
    "choice_text": "Martial arts"
  }
},
{
  "model": "polls.choice",
  "pk": 39,
  "fields": {
    "question": 10,
    "choice_text": "Old auditorium near BTS green line"
  }
},
{
  "model": "polls.choice",
  "pk": 40,
  "fields": {
    "question": 10,
    "choice_text": "Rapeesakrik Building"
  }
},
{
  "model": "polls.choice",
  "pk": 41,
  "fields": {
    "question": 10,
    "choice_text": "Engineering faculty"
  }
},
{
  "model": "polls.choice",
  "pk": 42,
  "fields": {
    "question": 10,
    "choice_text": "Economics faculty"
  }
},
{
  "model": "polls.choice",
  "pk": 43,
  "fields": {
    "question": 10,
    "choice_text": "Chakkrapan Building"
  }
},
{
  "model": "polls.vote",
  "pk": 9,
  "fields": {
    "choice": 11,
    "user": 1
  }
},
{
  "model": "polls.vote",
  "pk": 10,
  "fields": {
    "choice": 7,
    "user": 1
  }
},
{
  "model": "polls.vote",
  "pk": 11,
  "fields": {
    "choice": 23,
    "user": 1
  }
},
{
  "model": "polls.vote",
  "pk": 12,
  "fields": {
    "choice": 27,
    "user": 1
  }
},
{
  "model": "polls.vote",
  "pk": 13,
  "fields": {
    "choice": 32,
    "user": 1
  }
},
{
  "model": "polls.vote",
  "pk": 14,
  "fields": {
    "choice": 23,
    "user": 8
  }
},
{
  "model": "polls.vote",
  "pk": 15,
  "fields": {
    "choice": 43,
    "user": 8
  }
},
{
  "model": "polls.vote",
  "pk": 16,
  "fields": {
    "choice": 38,
    "user": 1
  }
}
]
